rides_previous_24_hour,rides_previous_23_hour,rides_previous_22_hour,rides_previous_21_hour,rides_previous_20_hour,rides_previous_19_hour,rides_previous_18_hour,rides_previous_17_hour,rides_previous_16_hour,rides_previous_15_hour,rides_previous_14_hour,rides_previous_13_hour,rides_previous_12_hour,rides_previous_11_hour,rides_previous_10_hour,rides_previous_9_hour,rides_previous_8_hour,rides_previous_7_hour,rides_previous_6_hour,rides_previous_5_hour,rides_previous_4_hour,rides_previous_3_hour,rides_previous_2_hour,rides_previous_1_hour,pickup_location_id,prediction
0.0,1.0,2.0,1.0,3.0,1.0,2.0,9.0,1.0,1.0,0.0,0.0,0.0,0.0,0.0,0.0,0.0,1.0,0.0,1.0,0.0,0.0,0.0,1.0,1,0.7069781457319357
0.0,0.0,0.0,0.0,0.0,0.0,0.0,0.0,0.0,0.0,0.0,0.0,0.0,0.0,0.0,0.0,0.0,0.0,0.0,0.0,0.0,0.0,0.0,0.0,2,0.34474786540973645
0.0,0.0,0.0,2.0,0.0,1.0,0.0,0.0,0.0,0.0,0.0,0.0,0.0,0.0,0.0,0.0,0.0,2.0,0.0,0.0,1.0,0.0,1.0,0.0,3,0.41779396674526237
4.0,13.0,8.0,7.0,14.0,6.0,13.0,10.0,3.0,6.0,6.0,3.0,4.0,3.0,0.0,0.0,1.0,3.0,8.0,13.0,22.0,16.0,8.0,5.0,4,5.7112760161685925
0.0,0.0,0.0,0.0,0.0,0.0,0.0,0.0,0.0,0.0,0.0,0.0,0.0,0.0,0.0,0.0,0.0,0.0,0.0,0.0,0.0,0.0,0.0,0.0,5,0.34474786540973645
0.0,1.0,0.0,0.0,0.0,0.0,0.0,0.0,0.0,0.0,0.0,0.0,0.0,0.0,0.0,0.0,0.0,1.0,0.0,1.0,1.0,0.0,0.0,0.0,6,0.40636138589124565
5.0,4.0,7.0,4.0,3.0,7.0,17.0,9.0,10.0,10.0,7.0,6.0,7.0,0.0,0.0,1.0,2.0,4.0,8.0,19.0,18.0,6.0,6.0,5.0,7,4.114429788590584
0.0,0.0,0.0,0.0,0.0,2.0,0.0,0.0,0.0,0.0,0.0,0.0,0.0,0.0,0.0,0.0,0.0,0.0,0.0,0.0,0.0,0.0,0.0,0.0,8,0.34474786540973645
0.0,0.0,0.0,0.0,0.0,0.0,0.0,0.0,0.0,0.0,0.0,1.0,0.0,0.0,0.0,0.0,0.0,0.0,0.0,0.0,0.0,0.0,2.0,0.0,9,0.5437256503244247
1.0,4.0,6.0,2.0,3.0,0.0,3.0,2.0,3.0,2.0,0.0,4.0,1.0,1.0,0.0,1.0,2.0,2.0,2.0,8.0,4.0,3.0,2.0,1.0,10,1.638747391407686
0.0,0.0,0.0,0.0,0.0,0.0,1.0,0.0,0.0,0.0,0.0,0.0,0.0,0.0,0.0,0.0,0.0,1.0,0.0,0.0,1.0,1.0,0.0,0.0,11,0.34474786540973645
5.0,4.0,5.0,3.0,4.0,4.0,0.0,1.0,0.0,1.0,0.0,0.0,0.0,0.0,0.0,0.0,0.0,0.0,1.0,1.0,1.0,2.0,1.0,1.0,12,2.183097397604772
37.0,35.0,30.0,25.0,23.0,24.0,21.0,12.0,6.0,6.0,1.0,1.0,0.0,0.0,1.0,0.0,2.0,2.0,10.0,32.0,35.0,22.0,19.0,17.0,13,27.422580534868743
1.0,1.0,2.0,0.0,2.0,0.0,6.0,2.0,1.0,1.0,1.0,1.0,1.0,0.0,0.0,1.0,1.0,1.0,3.0,8.0,6.0,2.0,3.0,1.0,14,0.9193269405029667
0.0,0.0,0.0,0.0,0.0,0.0,0.0,0.0,0.0,0.0,0.0,0.0,0.0,0.0,0.0,0.0,0.0,0.0,0.0,1.0,0.0,0.0,1.0,0.0,15,0.41779396674526237
0.0,0.0,0.0,0.0,0.0,1.0,2.0,2.0,0.0,0.0,2.0,0.0,1.0,0.0,0.0,0.0,0.0,1.0,0.0,1.0,2.0,0.0,0.0,0.0,16,0.34474786540973645
3.0,5.0,6.0,4.0,4.0,4.0,4.0,3.0,0.0,2.0,5.0,3.0,0.0,0.0,0.0,0.0,1.0,1.0,2.0,6.0,10.0,8.0,6.0,5.0,17,3.594741120766474
0.0,1.0,2.0,2.0,3.0,0.0,2.0,0.0,1.0,1.0,0.0,2.0,2.0,0.0,0.0,0.0,2.0,0.0,2.0,2.0,3.0,0.0,2.0,0.0,18,0.7768007058080356
1.0,1.0,0.0,0.0,0.0,0.0,0.0,0.0,0.0,0.0,1.0,2.0,1.0,0.0,0.0,0.0,0.0,0.0,2.0,0.0,0.0,1.0,2.0,0.0,19,0.6654361168550618
1.0,0.0,0.0,1.0,0.0,0.0,1.0,0.0,2.0,0.0,1.0,0.0,1.0,0.0,0.0,0.0,0.0,2.0,0.0,0.0,1.0,1.0,1.0,0.0,20,0.4778909127943904
0.0,1.0,0.0,0.0,1.0,1.0,0.0,0.0,0.0,0.0,1.0,1.0,0.0,0.0,2.0,0.0,0.0,0.0,1.0,0.0,0.0,2.0,0.0,0.0,21,0.40636138589124565
2.0,0.0,1.0,0.0,0.0,1.0,0.0,1.0,0.0,1.0,0.0,0.0,1.0,1.0,1.0,0.0,0.0,1.0,2.0,3.0,2.0,3.0,1.0,2.0,22,1.0290645832648984
0.0,0.0,0.0,0.0,0.0,0.0,0.0,0.0,0.0,0.0,0.0,0.0,0.0,0.0,0.0,0.0,0.0,0.0,0.0,0.0,0.0,0.0,0.0,0.0,23,0.34474786540973645
24.0,25.0,20.0,19.0,17.0,16.0,12.0,18.0,11.0,9.0,4.0,4.0,1.0,1.0,3.0,0.0,2.0,6.0,9.0,21.0,22.0,18.0,15.0,14.0,24,18.839492518176662
6.0,8.0,6.0,5.0,8.0,5.0,6.0,6.0,6.0,5.0,6.0,1.0,2.0,0.0,0.0,0.0,0.0,2.0,4.0,9.0,4.0,6.0,3.0,0.0,25,2.6170788899854553
1.0,0.0,2.0,1.0,1.0,0.0,4.0,1.0,2.0,3.0,3.0,3.0,2.0,0.0,1.0,0.0,0.0,0.0,1.0,1.0,5.0,4.0,1.0,6.0,26,2.630634316234515
0.0,0.0,0.0,0.0,0.0,0.0,0.0,0.0,0.0,0.0,0.0,0.0,0.0,0.0,0.0,0.0,0.0,0.0,0.0,0.0,0.0,0.0,0.0,0.0,27,0.34474786540973645
1.0,4.0,3.0,1.0,0.0,3.0,2.0,4.0,1.0,3.0,3.0,2.0,5.0,1.0,1.0,2.0,1.0,1.0,6.0,4.0,2.0,0.0,1.0,3.0,28,2.236630008052684
0.0,1.0,0.0,0.0,0.0,0.0,0.0,1.0,0.0,0.0,2.0,0.0,0.0,0.0,0.0,0.0,1.0,0.0,0.0,2.0,1.0,1.0,1.0,1.0,29,0.6085627120653598
0.0,0.0,0.0,0.0,0.0,0.0,0.0,0.0,0.0,0.0,0.0,0.0,0.0,0.0,0.0,0.0,0.0,0.0,0.0,0.0,0.0,0.0,0.0,0.0,30,0.34474786540973645
0.0,0.0,0.0,0.0,0.0,1.0,0.0,0.0,0.0,0.0,0.0,0.0,0.0,0.0,0.0,0.0,0.0,0.0,0.0,0.0,0.0,0.0,0.0,0.0,31,0.34474786540973645
0.0,0.0,1.0,1.0,0.0,1.0,0.0,1.0,0.0,0.0,0.0,2.0,0.0,0.0,0.0,0.0,0.0,1.0,0.0,2.0,2.0,0.0,0.0,0.0,32,0.4097392123342796
5.0,8.0,10.0,2.0,7.0,7.0,10.0,7.0,2.0,4.0,3.0,4.0,0.0,0.0,0.0,0.0,0.0,1.0,5.0,8.0,9.0,11.0,7.0,2.0,33,3.2875680601948707
1.0,0.0,1.0,1.0,1.0,1.0,3.0,1.0,0.0,0.0,0.0,0.0,0.0,0.0,0.0,0.0,0.0,0.0,1.0,0.0,1.0,0.0,0.0,0.0,34,0.46983615838340764
4.0,6.0,3.0,7.0,1.0,4.0,4.0,1.0,1.0,2.0,4.0,7.0,1.0,0.0,0.0,1.0,4.0,1.0,4.0,7.0,5.0,2.0,2.0,5.0,35,3.9397748877603096
1.0,3.0,1.0,1.0,0.0,0.0,2.0,2.0,2.0,0.0,5.0,9.0,4.0,1.0,1.0,3.0,0.0,1.0,2.0,5.0,3.0,3.0,0.0,0.0,36,0.71002445592691
5.0,3.0,4.0,3.0,4.0,2.0,6.0,6.0,0.0,3.0,5.0,4.0,1.0,0.0,1.0,1.0,1.0,3.0,1.0,10.0,6.0,1.0,3.0,1.0,37,1.9975406243829423
0.0,1.0,0.0,2.0,1.0,0.0,0.0,0.0,0.0,0.0,1.0,2.0,0.0,0.0,0.0,0.0,0.0,4.0,0.0,0.0,1.0,2.0,1.0,0.0,38,0.4794074872267716
3.0,7.0,7.0,5.0,4.0,7.0,6.0,5.0,1.0,1.0,3.0,8.0,1.0,0.0,1.0,0.0,2.0,2.0,9.0,8.0,11.0,2.0,7.0,6.0,39,4.031946154406585
2.0,2.0,1.0,2.0,2.0,1.0,1.0,3.0,3.0,0.0,0.0,1.0,0.0,0.0,0.0,0.0,0.0,1.0,3.0,2.0,8.0,4.0,1.0,1.0,40,1.0160928678603787
31.0,45.0,49.0,44.0,27.0,24.0,36.0,21.0,16.0,7.0,8.0,11.0,1.0,3.0,1.0,1.0,4.0,3.0,14.0,32.0,52.0,18.0,16.0,14.0,41,24.301309096357333
31.0,20.0,27.0,15.0,15.0,23.0,21.0,22.0,9.0,8.0,4.0,5.0,2.0,0.0,0.0,1.0,1.0,7.0,14.0,24.0,40.0,14.0,6.0,7.0,42,14.98233494029078
109.0,142.0,123.0,171.0,166.0,111.0,53.0,34.0,26.0,28.0,12.0,9.0,2.0,2.0,0.0,0.0,1.0,4.0,16.0,48.0,60.0,45.0,81.0,69.0,43,91.43067680024268
0.0,0.0,0.0,0.0,0.0,0.0,0.0,0.0,0.0,0.0,0.0,0.0,0.0,0.0,0.0,0.0,0.0,0.0,0.0,0.0,0.0,0.0,0.0,0.0,44,0.34474786540973645
8.0,10.0,11.0,17.0,7.0,11.0,16.0,9.0,16.0,5.0,4.0,5.0,2.0,1.0,0.0,0.0,1.0,1.0,0.0,4.0,6.0,4.0,10.0,13.0,45,9.295464034729006
0.0,0.0,0.0,0.0,0.0,0.0,0.0,0.0,0.0,0.0,0.0,0.0,1.0,0.0,0.0,0.0,0.0,0.0,0.0,0.0,0.0,0.0,0.0,0.0,46,0.34474786540973645
0.0,2.0,0.0,1.0,0.0,1.0,0.0,3.0,0.0,0.0,2.0,0.0,0.0,0.0,1.0,0.0,0.0,0.0,2.0,2.0,2.0,0.0,2.0,1.0,47,0.8663432365137301
111.0,101.0,133.0,117.0,158.0,167.0,166.0,144.0,133.0,112.0,105.0,43.0,42.0,21.0,25.0,21.0,18.0,35.0,90.0,102.0,101.0,107.0,89.0,75.0,48,90.71756311190867
2.0,6.0,2.0,4.0,3.0,2.0,5.0,5.0,1.0,1.0,1.0,4.0,2.0,1.0,0.0,0.0,1.0,0.0,4.0,5.0,9.0,7.0,4.0,6.0,49,3.7558630011720653
46.0,37.0,31.0,36.0,38.0,31.0,35.0,17.0,13.0,21.0,8.0,8.0,6.0,1.0,0.0,1.0,4.0,9.0,8.0,29.0,42.0,35.0,51.0,38.0,50,41.08608194305135
1.0,4.0,3.0,1.0,1.0,1.0,2.0,1.0,1.0,0.0,0.0,0.0,0.0,0.0,1.0,1.0,1.0,3.0,7.0,0.0,5.0,2.0,1.0,3.0,51,2.236630008052684
3.0,2.0,0.0,3.0,1.0,1.0,1.0,2.0,1.0,2.0,2.0,0.0,0.0,0.0,0.0,0.0,0.0,0.0,1.0,10.0,5.0,4.0,2.0,3.0,52,1.799566898999864
1.0,0.0,0.0,1.0,1.0,0.0,0.0,0.0,1.0,1.0,0.0,1.0,1.0,0.0,0.0,0.0,0.0,0.0,0.0,1.0,0.0,0.0,1.0,0.0,53,0.4778909127943904
0.0,0.0,0.0,0.0,0.0,0.0,2.0,0.0,0.0,0.0,0.0,0.0,0.0,0.0,0.0,0.0,0.0,1.0,0.0,1.0,3.0,0.0,1.0,0.0,54,0.41779396674526237
2.0,2.0,1.0,0.0,1.0,0.0,0.0,0.0,0.0,0.0,0.0,1.0,0.0,0.0,0.0,0.0,1.0,1.0,2.0,2.0,2.0,1.0,0.0,1.0,55,0.9430467665248529
1.0,1.0,2.0,3.0,1.0,0.0,2.0,1.0,5.0,2.0,0.0,2.0,2.0,0.0,0.0,0.0,1.0,0.0,2.0,3.0,1.0,0.0,0.0,1.0,56,0.7670750917810637
0.0,0.0,0.0,0.0,0.0,0.0,0.0,0.0,0.0,0.0,0.0,0.0,0.0,0.0,0.0,0.0,0.0,0.0,0.0,0.0,0.0,0.0,0.0,0.0,57,0.34474786540973645
0.0,0.0,0.0,0.0,0.0,0.0,0.0,0.0,1.0,0.0,0.0,0.0,0.0,0.0,1.0,0.0,0.0,0.0,1.0,0.0,0.0,0.0,0.0,0.0,58,0.34474786540973645
0.0,0.0,0.0,0.0,0.0,1.0,0.0,0.0,0.0,0.0,0.0,0.0,0.0,0.0,0.0,0.0,0.0,0.0,0.0,0.0,0.0,0.0,0.0,0.0,59,0.34474786540973645
2.0,2.0,1.0,1.0,0.0,1.0,0.0,0.0,0.0,0.0,1.0,1.0,1.0,0.0,0.0,0.0,2.0,0.0,1.0,1.0,1.0,0.0,0.0,1.0,60,0.9430467665248529
19.0,15.0,14.0,9.0,10.0,11.0,4.0,10.0,3.0,2.0,9.0,9.0,2.0,1.0,3.0,0.0,4.0,5.0,10.0,15.0,24.0,10.0,9.0,6.0,61,9.6943090681356
4.0,0.0,2.0,5.0,3.0,2.0,3.0,6.0,3.0,2.0,2.0,0.0,0.0,1.0,0.0,0.0,1.0,3.0,4.0,5.0,7.0,4.0,3.0,1.0,62,0.9615805057808123
1.0,0.0,2.0,3.0,1.0,0.0,3.0,1.0,2.0,2.0,4.0,2.0,2.0,0.0,0.0,0.0,2.0,1.0,5.0,4.0,2.0,3.0,0.0,1.0,63,0.7054615712995546
0.0,1.0,0.0,0.0,0.0,0.0,0.0,0.0,0.0,0.0,0.0,0.0,0.0,0.0,0.0,0.0,0.0,0.0,0.0,0.0,0.0,0.0,0.0,0.0,64,0.40636138589124565
10.0,12.0,5.0,7.0,5.0,10.0,7.0,3.0,3.0,2.0,9.0,5.0,0.0,0.0,0.0,0.0,0.0,1.0,4.0,6.0,4.0,7.0,4.0,4.0,65,6.579476891785543
2.0,4.0,6.0,6.0,15.0,9.0,8.0,6.0,3.0,4.0,12.0,6.0,0.0,0.0,0.0,0.0,0.0,0.0,3.0,9.0,5.0,6.0,2.0,4.0,66,2.9518349372727615
0.0,0.0,0.0,0.0,0.0,0.0,0.0,0.0,1.0,0.0,0.0,0.0,0.0,0.0,0.0,0.0,1.0,2.0,0.0,3.0,1.0,0.0,0.0,1.0,67,0.4739030902483248
154.0,144.0,181.0,173.0,227.0,183.0,202.0,182.0,151.0,148.0,84.0,53.0,41.0,14.0,14.0,13.0,12.0,8.0,27.0,47.0,110.0,109.0,99.0,117.0,68,135.86539352075653
0.0,1.0,3.0,4.0,2.0,0.0,1.0,1.0,2.0,1.0,1.0,0.0,2.0,0.0,0.0,0.0,0.0,0.0,3.0,5.0,3.0,2.0,1.0,3.0,69,1.7331957643333566
26.0,20.0,22.0,55.0,11.0,29.0,18.0,20.0,27.0,43.0,47.0,27.0,17.0,3.0,0.0,2.0,1.0,1.0,6.0,9.0,9.0,31.0,22.0,18.0,70,22.088849673495453
3.0,2.0,1.0,3.0,1.0,0.0,3.0,2.0,1.0,0.0,2.0,0.0,0.0,0.0,0.0,0.0,3.0,3.0,7.0,6.0,7.0,6.0,4.0,5.0,71,2.94742525884619
3.0,3.0,7.0,9.0,2.0,3.0,2.0,2.0,0.0,0.0,1.0,4.0,0.0,0.0,1.0,0.0,2.0,6.0,4.0,13.0,13.0,4.0,4.0,3.0,72,2.2471115872364846
0.0,0.0,0.0,0.0,0.0,0.0,0.0,0.0,0.0,2.0,0.0,0.0,0.0,0.0,0.0,0.0,0.0,0.0,0.0,0.0,0.0,0.0,0.0,0.0,73,0.34474786540973645
30.0,27.0,31.0,24.0,25.0,15.0,27.0,19.0,13.0,13.0,11.0,6.0,6.0,2.0,1.0,1.0,5.0,7.0,17.0,28.0,26.0,24.0,15.0,7.0,74,16.349698577069116
50.0,48.0,41.0,45.0,29.0,34.0,30.0,25.0,14.0,12.0,11.0,13.0,2.0,1.0,2.0,4.0,3.0,9.0,30.0,49.0,50.0,36.0,42.0,38.0,75,41.08608194305135
8.0,4.0,6.0,5.0,3.0,5.0,6.0,6.0,4.0,3.0,5.0,12.0,4.0,3.0,7.0,4.0,3.0,5.0,14.0,16.0,13.0,12.0,7.0,6.0,76,4.114429788590584
2.0,4.0,1.0,0.0,1.0,2.0,0.0,1.0,0.0,1.0,5.0,1.0,0.0,0.0,1.0,0.0,0.0,1.0,3.0,6.0,5.0,3.0,0.0,0.0,77,1.0786540622944725
0.0,1.0,2.0,3.0,3.0,0.0,1.0,2.0,0.0,1.0,2.0,0.0,0.0,0.0,0.0,0.0,0.0,0.0,1.0,4.0,0.0,4.0,1.0,0.0,78,0.6508690222288736
88.0,99.0,113.0,137.0,123.0,101.0,111.0,115.0,119.0,98.0,88.0,47.0,31.0,15.0,14.0,13.0,19.0,7.0,35.0,62.0,92.0,76.0,56.0,47.0,79,68.405404286479
3.0,5.0,2.0,2.0,3.0,0.0,9.0,7.0,5.0,0.0,4.0,7.0,2.0,2.0,1.0,0.0,0.0,0.0,2.0,4.0,7.0,5.0,0.0,2.0,80,1.567439488158641
1.0,0.0,1.0,1.0,1.0,0.0,1.0,0.0,0.0,0.0,2.0,2.0,0.0,0.0,0.0,0.0,0.0,1.0,3.0,2.0,2.0,1.0,1.0,0.0,81,0.5428822597189338
2.0,0.0,2.0,4.0,6.0,8.0,3.0,6.0,7.0,8.0,3.0,10.0,5.0,1.0,0.0,1.0,3.0,0.0,4.0,2.0,1.0,1.0,2.0,1.0,82,0.9615805057808123
3.0,0.0,2.0,1.0,5.0,0.0,4.0,3.0,1.0,4.0,0.0,1.0,0.0,0.0,1.0,0.0,0.0,0.0,1.0,1.0,1.0,2.0,0.0,0.0,83,0.6801734322203212
0.0,0.0,0.0,0.0,0.0,0.0,0.0,0.0,0.0,0.0,0.0,0.0,0.0,0.0,0.0,0.0,0.0,0.0,0.0,0.0,0.0,0.0,0.0,0.0,84,0.34474786540973645
1.0,0.0,7.0,0.0,2.0,2.0,2.0,4.0,1.0,1.0,2.0,1.0,1.0,0.0,0.0,0.0,2.0,3.0,7.0,6.0,5.0,1.0,3.0,0.0,85,1.051367284610173
1.0,1.0,0.0,1.0,0.0,0.0,0.0,1.0,3.0,0.0,0.0,0.0,0.0,0.0,0.0,0.0,0.0,0.0,2.0,0.0,2.0,2.0,2.0,1.0,86,0.7478654055008649
51.0,29.0,25.0,34.0,25.0,34.0,23.0,20.0,18.0,15.0,16.0,10.0,1.0,1.0,0.0,1.0,0.0,3.0,11.0,18.0,27.0,21.0,16.0,19.0,87,28.356034355145255
14.0,13.0,17.0,18.0,21.0,14.0,22.0,7.0,7.0,9.0,4.0,1.0,1.0,0.0,2.0,0.0,0.0,1.0,5.0,2.0,5.0,5.0,11.0,7.0,88,10.735857203273293
2.0,6.0,6.0,1.0,4.0,3.0,3.0,7.0,4.0,1.0,6.0,2.0,4.0,2.0,0.0,0.0,0.0,2.0,3.0,9.0,20.0,8.0,6.0,5.0,89,4.031946154406585
105.0,99.0,95.0,120.0,93.0,89.0,87.0,87.0,83.0,47.0,42.0,22.0,11.0,4.0,7.0,6.0,12.0,10.0,16.0,43.0,65.0,67.0,56.0,63.0,90,81.82146409258357
3.0,3.0,4.0,5.0,3.0,3.0,3.0,5.0,3.0,2.0,2.0,0.0,0.0,0.0,1.0,0.0,0.0,2.0,9.0,11.0,8.0,5.0,1.0,4.0,91,2.6078666692781782
0.0,0.0,1.0,1.0,3.0,2.0,1.0,2.0,1.0,2.0,3.0,2.0,3.0,0.0,0.0,0.0,1.0,1.0,1.0,2.0,0.0,1.0,1.0,1.0,92,0.6119405385083937
0.0,0.0,1.0,1.0,0.0,2.0,1.0,3.0,0.0,0.0,1.0,2.0,2.0,0.0,0.0,0.0,1.0,0.0,1.0,2.0,0.0,0.0,0.0,0.0,93,0.4097392123342796
1.0,1.0,0.0,0.0,0.0,1.0,1.0,0.0,1.0,1.0,2.0,0.0,0.0,2.0,0.0,0.0,0.0,2.0,0.0,0.0,0.0,0.0,1.0,0.0,94,0.5395044332758996
3.0,1.0,1.0,2.0,4.0,1.0,5.0,5.0,2.0,5.0,5.0,6.0,3.0,0.0,0.0,0.0,0.0,1.0,6.0,3.0,8.0,2.0,5.0,4.0,95,2.1259442982904857
0.0,0.0,0.0,0.0,0.0,0.0,1.0,0.0,0.0,0.0,0.0,0.0,0.0,0.0,0.0,0.0,0.0,0.0,0.0,0.0,0.0,0.0,0.0,0.0,96,0.34474786540973645
3.0,8.0,5.0,9.0,7.0,4.0,5.0,6.0,9.0,3.0,12.0,5.0,3.0,0.0,0.0,0.0,0.0,1.0,7.0,4.0,7.0,6.0,2.0,6.0,97,4.031946154406585
0.0,0.0,0.0,0.0,0.0,0.0,0.0,0.0,0.0,0.0,0.0,1.0,0.0,0.0,0.0,0.0,0.0,1.0,0.0,0.0,0.0,0.0,0.0,2.0,98,0.7270631031963468
0.0,0.0,0.0,0.0,0.0,0.0,0.0,0.0,0.0,0.0,0.0,0.0,0.0,0.0,0.0,0.0,0.0,0.0,0.0,0.0,0.0,0.0,0.0,0.0,99,0.34474786540973645
50.0,96.0,84.0,81.0,100.0,92.0,61.0,66.0,48.0,39.0,25.0,16.0,16.0,8.0,11.0,3.0,5.0,51.0,80.0,70.0,52.0,62.0,48.0,63.0,100,69.0725570650954
1.0,0.0,0.0,0.0,0.0,0.0,0.0,0.0,1.0,0.0,1.0,0.0,1.0,1.0,0.0,0.0,1.0,0.0,1.0,0.0,0.0,1.0,0.0,1.0,101,0.5340000362974527
0.0,3.0,1.0,0.0,0.0,0.0,0.0,3.0,2.0,1.0,0.0,0.0,0.0,0.0,0.0,0.0,0.0,0.0,0.0,1.0,1.0,1.0,1.0,1.0,102,0.852128836051896
0.0,0.0,0.0,0.0,0.0,0.0,0.0,0.0,0.0,0.0,0.0,0.0,0.0,0.0,0.0,0.0,0.0,0.0,0.0,0.0,0.0,0.0,0.0,0.0,105,0.34474786540973645
0.0,0.0,1.0,0.0,0.0,1.0,1.0,1.0,2.0,3.0,0.0,1.0,1.0,0.0,1.0,0.0,0.0,0.0,0.0,0.0,0.0,2.0,0.0,1.0,106,0.5388944371728678
114.0,90.0,154.0,114.0,134.0,81.0,105.0,82.0,72.0,48.0,49.0,28.0,10.0,5.0,5.0,3.0,6.0,16.0,37.0,84.0,143.0,122.0,85.0,89.0,107,96.2193522794542
1.0,0.0,1.0,1.0,0.0,0.0,0.0,0.0,0.0,1.0,1.0,1.0,0.0,1.0,0.0,0.0,0.0,0.0,2.0,1.0,4.0,1.0,1.0,1.0,108,0.6720374845575217
0.0,0.0,0.0,0.0,0.0,0.0,0.0,0.0,0.0,0.0,0.0,0.0,0.0,0.0,0.0,0.0,0.0,0.0,0.0,0.0,0.0,0.0,0.0,0.0,109,0.34474786540973645
0.0,0.0,0.0,0.0,0.0,0.0,0.0,0.0,0.0,0.0,0.0,0.0,0.0,0.0,0.0,0.0,0.0,0.0,0.0,0.0,0.0,0.0,0.0,0.0,110,0.34474786540973645
0.0,0.0,0.0,0.0,0.0,0.0,0.0,0.0,0.0,0.0,0.0,0.0,0.0,0.0,0.0,0.0,0.0,0.0,0.0,0.0,0.0,0.0,0.0,0.0,111,0.34474786540973645
1.0,9.0,3.0,3.0,6.0,2.0,8.0,5.0,3.0,4.0,8.0,3.0,4.0,1.0,0.0,0.0,0.0,0.0,1.0,2.0,4.0,3.0,2.0,2.0,112,2.236941171349543
85.0,97.0,89.0,106.0,99.0,79.0,79.0,78.0,71.0,51.0,43.0,34.0,8.0,5.0,2.0,1.0,3.0,0.0,17.0,46.0,86.0,63.0,65.0,65.0,113,81.55361293373205
53.0,64.0,66.0,103.0,90.0,76.0,92.0,69.0,75.0,90.0,52.0,86.0,38.0,16.0,2.0,1.0,3.0,3.0,10.0,18.0,27.0,21.0,42.0,22.0,114,37.124827755838176
0.0,0.0,0.0,0.0,0.0,0.0,0.0,0.0,0.0,0.0,0.0,0.0,0.0,0.0,0.0,0.0,0.0,0.0,0.0,1.0,0.0,0.0,0.0,0.0,115,0.34474786540973645
18.0,11.0,16.0,9.0,6.0,4.0,9.0,8.0,5.0,3.0,2.0,4.0,1.0,2.0,0.0,2.0,0.0,3.0,3.0,15.0,18.0,12.0,1.0,3.0,116,8.532236307827441
0.0,1.0,3.0,0.0,1.0,1.0,1.0,0.0,0.0,1.0,1.0,0.0,0.0,0.0,0.0,0.0,0.0,1.0,3.0,3.0,0.0,1.0,0.0,1.0,117,0.8908900323201792
0.0,0.0,0.0,0.0,0.0,0.0,0.0,0.0,0.0,0.0,0.0,0.0,0.0,0.0,0.0,0.0,0.0,0.0,0.0,0.0,0.0,0.0,0.0,0.0,118,0.34474786540973645
1.0,2.0,0.0,1.0,0.0,1.0,1.0,1.0,0.0,0.0,0.0,1.0,0.0,0.0,1.0,1.0,1.0,0.0,2.0,5.0,5.0,0.0,2.0,3.0,119,1.6956998132405094
0.0,0.0,0.0,0.0,0.0,0.0,0.0,0.0,0.0,0.0,0.0,0.0,0.0,0.0,0.0,0.0,0.0,0.0,0.0,1.0,0.0,0.0,0.0,0.0,120,0.34474786540973645
0.0,1.0,0.0,0.0,0.0,0.0,1.0,0.0,0.0,2.0,1.0,1.0,0.0,1.0,0.0,0.0,0.0,0.0,3.0,5.0,0.0,2.0,1.0,1.0,121,0.6085627120653598
0.0,1.0,0.0,2.0,0.0,0.0,0.0,2.0,0.0,1.0,0.0,0.0,0.0,0.0,0.0,0.0,0.0,0.0,1.0,3.0,2.0,0.0,2.0,1.0,122,0.6877684594517369
1.0,1.0,0.0,0.0,0.0,0.0,0.0,1.0,1.0,0.0,1.0,1.0,0.0,0.0,0.0,0.0,0.0,0.0,2.0,2.0,0.0,2.0,1.0,1.0,123,0.6686596581144878
2.0,0.0,0.0,1.0,0.0,0.0,0.0,0.0,0.0,0.0,1.0,2.0,2.0,0.0,0.0,0.0,0.0,0.0,3.0,0.0,1.0,1.0,0.0,0.0,124,0.5087118972182193
19.0,25.0,27.0,24.0,40.0,22.0,33.0,25.0,25.0,15.0,16.0,8.0,2.0,2.0,6.0,2.0,5.0,2.0,6.0,21.0,35.0,25.0,25.0,20.0,125,20.644497528900708
1.0,0.0,1.0,0.0,0.0,0.0,1.0,1.0,2.0,0.0,0.0,0.0,0.0,1.0,0.0,1.0,1.0,0.0,2.0,1.0,0.0,0.0,1.0,0.0,126,0.5428822597189338
0.0,1.0,5.0,2.0,5.0,1.0,3.0,1.0,2.0,2.0,2.0,3.0,1.0,0.0,0.0,0.0,1.0,0.0,0.0,1.0,3.0,1.0,1.0,0.0,127,0.926952175463392
0.0,0.0,0.0,0.0,0.0,0.0,0.0,0.0,0.0,0.0,0.0,0.0,0.0,0.0,0.0,0.0,0.0,0.0,0.0,0.0,0.0,0.0,0.0,0.0,128,0.34474786540973645
3.0,7.0,6.0,2.0,1.0,8.0,17.0,4.0,7.0,6.0,7.0,4.0,9.0,2.0,1.0,4.0,6.0,1.0,3.0,7.0,7.0,3.0,5.0,4.0,129,3.389039970912872
3.0,7.0,2.0,9.0,6.0,2.0,3.0,8.0,5.0,7.0,8.0,28.0,13.0,3.0,2.0,3.0,1.0,0.0,2.0,5.0,3.0,4.0,3.0,5.0,130,3.7558630011720653
0.0,0.0,0.0,0.0,1.0,1.0,0.0,0.0,0.0,1.0,2.0,3.0,1.0,0.0,0.0,1.0,0.0,0.0,1.0,2.0,3.0,0.0,1.0,2.0,131,0.8001092045318727
155.0,333.0,239.0,309.0,471.0,402.0,327.0,337.0,386.0,477.0,409.0,395.0,259.0,80.0,23.0,25.0,26.0,140.0,171.0,260.0,160.0,150.0,191.0,139.0,132,162.97220774834005
2.0,2.0,1.0,2.0,0.0,1.0,1.0,0.0,0.0,0.0,0.0,0.0,0.0,0.0,0.0,1.0,1.0,0.0,4.0,2.0,7.0,2.0,0.0,0.0,133,0.8138915416862648
1.0,1.0,1.0,1.0,2.0,2.0,1.0,0.0,0.0,3.0,3.0,2.0,1.0,1.0,0.0,0.0,2.0,1.0,1.0,3.0,1.0,3.0,2.0,0.0,134,0.7304274637796048
1.0,1.0,2.0,0.0,0.0,1.0,2.0,0.0,0.0,1.0,2.0,0.0,0.0,0.0,3.0,0.0,0.0,2.0,0.0,4.0,1.0,2.0,0.0,0.0,135,0.6379198669424756
2.0,3.0,0.0,0.0,0.0,0.0,0.0,1.0,1.0,0.0,1.0,2.0,0.0,0.0,0.0,0.0,0.0,0.0,0.0,2.0,0.0,0.0,2.0,2.0,136,1.2834672812702346
55.0,60.0,61.0,59.0,44.0,53.0,68.0,43.0,38.0,25.0,16.0,18.0,13.0,4.0,2.0,2.0,6.0,5.0,26.0,43.0,55.0,52.0,58.0,57.0,137,61.07228238669738
181.0,198.0,316.0,257.0,256.0,225.0,211.0,283.0,297.0,306.0,264.0,257.0,120.0,14.0,0.0,4.0,0.0,2.0,7.0,68.0,125.0,166.0,291.0,169.0,138,186.301137812892
0.0,1.0,0.0,0.0,0.0,0.0,0.0,2.0,1.0,0.0,3.0,2.0,0.0,0.0,0.0,0.0,1.0,2.0,0.0,1.0,3.0,2.0,1.0,0.0,139,0.4794074872267716
125.0,123.0,124.0,107.0,103.0,91.0,90.0,74.0,52.0,36.0,20.0,12.0,10.0,5.0,0.0,1.0,8.0,17.0,29.0,125.0,187.0,156.0,164.0,185.0,140,161.48895112709138
146.0,171.0,176.0,133.0,142.0,124.0,133.0,119.0,90.0,66.0,36.0,16.0,12.0,5.0,5.0,7.0,5.0,13.0,52.0,132.0,156.0,139.0,140.0,132.0,141,140.95858926602708
200.0,200.0,208.0,206.0,205.0,298.0,204.0,182.0,147.0,119.0,99.0,33.0,11.0,2.0,7.0,2.0,4.0,11.0,30.0,108.0,167.0,164.0,133.0,145.0,142,172.61661059650322
102.0,73.0,76.0,69.0,90.0,77.0,72.0,34.0,21.0,36.0,34.0,12.0,4.0,1.0,3.0,4.0,2.0,7.0,37.0,91.0,150.0,95.0,73.0,64.0,143,75.1585766283281
54.0,44.0,73.0,97.0,114.0,114.0,97.0,67.0,54.0,41.0,22.0,23.0,7.0,1.0,3.0,0.0,4.0,1.0,3.0,10.0,22.0,19.0,29.0,16.0,144,33.505483113601926
24.0,21.0,16.0,12.0,18.0,8.0,22.0,8.0,6.0,3.0,3.0,6.0,3.0,1.0,0.0,0.0,2.0,1.0,12.0,6.0,4.0,4.0,10.0,7.0,145,13.36714755256577
8.0,7.0,4.0,3.0,7.0,3.0,9.0,8.0,2.0,3.0,1.0,2.0,2.0,2.0,0.0,0.0,3.0,0.0,5.0,1.0,4.0,0.0,1.0,5.0,146,4.4724290748443165
0.0,2.0,2.0,1.0,0.0,0.0,0.0,0.0,1.0,0.0,0.0,0.0,0.0,0.0,0.0,0.0,0.0,0.0,1.0,1.0,4.0,0.0,0.0,0.0,147,0.7563976979553408
33.0,31.0,41.0,57.0,59.0,44.0,41.0,47.0,46.0,28.0,30.0,16.0,9.0,4.0,2.0,4.0,3.0,4.0,5.0,16.0,24.0,17.0,15.0,15.0,148,24.59514182619176
0.0,0.0,0.0,1.0,0.0,0.0,0.0,1.0,1.0,0.0,1.0,0.0,1.0,0.0,0.0,0.0,0.0,1.0,1.0,0.0,0.0,0.0,0.0,3.0,149,1.2431627209259761
0.0,0.0,0.0,1.0,0.0,1.0,0.0,1.0,0.0,0.0,0.0,0.0,1.0,0.0,0.0,0.0,0.0,0.0,0.0,1.0,1.0,0.0,0.0,1.0,150,0.4739030902483248
71.0,67.0,85.0,70.0,70.0,62.0,60.0,30.0,33.0,15.0,20.0,11.0,2.0,3.0,0.0,1.0,2.0,8.0,21.0,80.0,74.0,72.0,58.0,49.0,151,59.58219000330733
7.0,10.0,4.0,9.0,5.0,8.0,9.0,5.0,3.0,1.0,0.0,2.0,1.0,1.0,3.0,0.0,3.0,1.0,8.0,11.0,10.0,8.0,1.0,6.0,152,4.4724290748443165
0.0,1.0,0.0,0.0,0.0,0.0,2.0,0.0,1.0,0.0,0.0,0.0,0.0,0.0,0.0,0.0,0.0,0.0,0.0,0.0,0.0,0.0,0.0,0.0,153,0.40636138589124565
0.0,0.0,0.0,1.0,1.0,0.0,0.0,0.0,0.0,0.0,0.0,0.0,0.0,0.0,0.0,0.0,0.0,0.0,0.0,0.0,0.0,0.0,1.0,0.0,154,0.41779396674526237
1.0,1.0,2.0,2.0,3.0,0.0,2.0,1.0,2.0,0.0,1.0,0.0,0.0,0.0,0.0,0.0,0.0,2.0,2.0,1.0,1.0,7.0,2.0,3.0,155,1.6885865711806183
0.0,0.0,0.0,0.0,0.0,0.0,0.0,0.0,0.0,0.0,0.0,0.0,0.0,0.0,0.0,0.0,0.0,0.0,0.0,0.0,0.0,0.0,0.0,0.0,156,0.34474786540973645
1.0,0.0,0.0,1.0,2.0,1.0,1.0,2.0,6.0,5.0,0.0,1.0,1.0,1.0,0.0,0.0,0.0,1.0,3.0,4.0,2.0,1.0,1.0,1.0,157,0.6070461376329787
43.0,44.0,57.0,74.0,66.0,65.0,58.0,50.0,43.0,38.0,23.0,13.0,6.0,1.0,1.0,2.0,5.0,0.0,14.0,26.0,58.0,30.0,16.0,18.0,158,33.49852761469229
0.0,3.0,3.0,3.0,0.0,2.0,1.0,3.0,2.0,0.0,2.0,1.0,0.0,0.0,0.0,0.0,1.0,1.0,6.0,4.0,2.0,0.0,1.0,1.0,159,1.1425109107176983
1.0,1.0,1.0,2.0,1.0,0.0,1.0,4.0,1.0,2.0,2.0,1.0,2.0,0.0,0.0,0.0,1.0,0.0,2.0,1.0,2.0,1.0,1.0,1.0,160,0.7336510050390308
199.0,213.0,222.0,214.0,233.0,235.0,232.0,111.0,99.0,75.0,68.0,35.0,11.0,5.0,4.0,5.0,3.0,7.0,39.0,110.0,114.0,131.0,189.0,219.0,161,226.48358765857708
178.0,140.0,160.0,152.0,150.0,124.0,205.0,121.0,122.0,116.0,49.0,31.0,12.0,5.0,6.0,8.0,3.0,14.0,66.0,123.0,167.0,176.0,133.0,175.0,162,179.63946495865204
158.0,168.0,165.0,171.0,167.0,141.0,172.0,116.0,85.0,62.0,65.0,28.0,17.0,8.0,6.0,4.0,3.0,11.0,13.0,49.0,81.0,92.0,105.0,139.0,163,150.14602236943574
123.0,103.0,142.0,108.0,113.0,94.0,127.0,82.0,73.0,64.0,34.0,25.0,17.0,6.0,3.0,4.0,5.0,4.0,17.0,37.0,62.0,54.0,73.0,80.0,164,96.11247845659724
3.0,0.0,0.0,1.0,5.0,1.0,2.0,0.0,1.0,0.0,3.0,0.0,0.0,0.0,0.0,0.0,0.0,0.0,0.0,5.0,1.0,3.0,0.0,2.0,165,0.8910271350048294
35.0,33.0,39.0,25.0,28.0,39.0,45.0,24.0,24.0,11.0,18.0,5.0,5.0,0.0,3.0,1.0,0.0,2.0,12.0,39.0,34.0,23.0,24.0,33.0,166,34.66324514405013
1.0,1.0,2.0,3.0,4.0,1.0,2.0,0.0,0.0,1.0,0.0,1.0,0.0,0.0,0.0,0.0,1.0,3.0,6.0,1.0,4.0,2.0,0.0,2.0,167,1.0202351047290856
9.0,7.0,7.0,3.0,1.0,4.0,7.0,2.0,4.0,3.0,1.0,3.0,0.0,1.0,0.0,1.0,1.0,2.0,3.0,4.0,5.0,3.0,2.0,3.0,168,3.46876780930891
1.0,3.0,1.0,2.0,3.0,0.0,0.0,0.0,0.0,2.0,0.0,1.0,1.0,1.0,0.0,0.0,1.0,1.0,2.0,6.0,3.0,0.0,1.0,1.0,169,0.912225782101024
189.0,161.0,183.0,140.0,134.0,109.0,111.0,85.0,106.0,62.0,45.0,24.0,12.0,5.0,0.0,2.0,9.0,15.0,43.0,93.0,155.0,134.0,152.0,145.0,170,166.8941162284789
0.0,0.0,0.0,1.0,0.0,0.0,0.0,0.0,0.0,1.0,0.0,0.0,0.0,0.0,0.0,0.0,0.0,0.0,0.0,1.0,1.0,1.0,0.0,0.0,171,0.34474786540973645
0.0,1.0,0.0,0.0,0.0,0.0,0.0,0.0,0.0,0.0,0.0,0.0,0.0,0.0,0.0,1.0,0.0,0.0,0.0,0.0,0.0,0.0,0.0,0.0,172,0.40636138589124565
1.0,1.0,0.0,0.0,1.0,0.0,2.0,1.0,2.0,1.0,2.0,0.0,0.0,0.0,0.0,0.0,0.0,1.0,0.0,2.0,0.0,0.0,0.0,0.0,173,0.46645833194037367
0.0,2.0,3.0,0.0,4.0,0.0,0.0,0.0,0.0,1.0,0.0,1.0,0.0,1.0,1.0,0.0,0.0,0.0,2.0,0.0,3.0,0.0,0.0,1.0,174,1.0694648093821724
0.0,0.0,0.0,0.0,0.0,0.0,0.0,0.0,0.0,0.0,1.0,1.0,1.0,0.0,0.0,1.0,0.0,1.0,0.0,1.0,0.0,0.0,0.0,0.0,175,0.34474786540973645
0.0,0.0,0.0,0.0,0.0,0.0,0.0,0.0,0.0,0.0,0.0,0.0,0.0,0.0,0.0,0.0,0.0,0.0,0.0,0.0,0.0,0.0,0.0,0.0,176,0.34474786540973645
4.0,4.0,8.0,4.0,6.0,3.0,5.0,5.0,2.0,2.0,0.0,2.0,0.0,1.0,0.0,1.0,1.0,6.0,5.0,4.0,10.0,7.0,4.0,2.0,177,2.3306743587306538
1.0,0.0,0.0,0.0,0.0,1.0,0.0,0.0,0.0,1.0,0.0,1.0,0.0,0.0,0.0,0.0,0.0,1.0,0.0,3.0,1.0,0.0,0.0,0.0,178,0.4048448114588645
4.0,6.0,5.0,4.0,5.0,3.0,6.0,3.0,1.0,0.0,4.0,4.0,4.0,0.0,0.0,1.0,0.0,1.0,4.0,9.0,5.0,5.0,4.0,3.0,179,2.949079141484801
1.0,2.0,1.0,0.0,0.0,0.0,0.0,1.0,3.0,1.0,1.0,5.0,0.0,1.0,0.0,1.0,1.0,0.0,1.0,2.0,1.0,0.0,1.0,0.0,180,0.7830705572624359
3.0,1.0,3.0,6.0,3.0,5.0,5.0,6.0,7.0,5.0,4.0,0.0,1.0,1.0,0.0,0.0,0.0,0.0,0.0,6.0,4.0,5.0,4.0,2.0,181,1.4602659257985873
1.0,1.0,1.0,0.0,1.0,0.0,1.0,0.0,0.0,1.0,1.0,0.0,2.0,0.0,0.0,0.0,0.0,3.0,5.0,5.0,6.0,0.0,2.0,1.0,182,0.8128567524254079
1.0,0.0,0.0,0.0,1.0,0.0,0.0,2.0,0.0,0.0,0.0,0.0,1.0,0.0,0.0,0.0,0.0,0.0,1.0,0.0,0.0,1.0,0.0,0.0,183,0.4048448114588645
0.0,0.0,0.0,0.0,0.0,0.0,0.0,0.0,0.0,0.0,1.0,0.0,0.0,0.0,0.0,0.0,0.0,0.0,0.0,0.0,0.0,0.0,0.0,0.0,184,0.34474786540973645
2.0,1.0,1.0,0.0,0.0,0.0,1.0,1.0,1.0,0.0,0.0,0.0,0.0,0.0,0.0,0.0,0.0,0.0,1.0,0.0,1.0,0.0,0.0,0.0,185,0.6353167646242716
231.0,273.0,394.0,244.0,258.0,251.0,241.0,203.0,189.0,190.0,86.0,104.0,53.0,42.0,22.0,4.0,9.0,40.0,98.0,179.0,253.0,209.0,184.0,138.0,186,170.77688371937808
0.0,0.0,0.0,0.0,0.0,0.0,0.0,0.0,0.0,0.0,0.0,0.0,0.0,0.0,0.0,0.0,0.0,0.0,0.0,0.0,0.0,0.0,0.0,0.0,187,0.34474786540973645
4.0,5.0,7.0,6.0,1.0,6.0,6.0,7.0,2.0,2.0,2.0,2.0,1.0,1.0,1.0,0.0,2.0,7.0,10.0,9.0,14.0,9.0,5.0,4.0,188,2.9518349372727615
0.0,1.0,3.0,3.0,1.0,3.0,2.0,1.0,2.0,2.0,2.0,1.0,0.0,0.0,1.0,0.0,0.0,2.0,1.0,3.0,4.0,3.0,1.0,1.0,189,0.9639361336557051
2.0,1.0,0.0,1.0,1.0,1.0,3.0,0.0,0.0,0.0,0.0,1.0,0.0,0.0,0.0,0.0,0.0,0.0,1.0,0.0,1.0,0.0,1.0,0.0,190,0.6433715190352545
0.0,0.0,0.0,0.0,1.0,1.0,0.0,0.0,0.0,1.0,3.0,2.0,0.0,1.0,0.0,0.0,1.0,2.0,5.0,1.0,5.0,1.0,1.0,0.0,191,0.41779396674526237
0.0,1.0,2.0,0.0,0.0,0.0,0.0,0.0,1.0,0.0,0.0,1.0,0.0,0.0,0.0,0.0,0.0,0.0,0.0,0.0,0.0,1.0,0.0,0.0,192,0.5778229208933476
3.0,2.0,6.0,5.0,2.0,2.0,2.0,0.0,0.0,1.0,1.0,0.0,1.0,1.0,0.0,0.0,1.0,0.0,7.0,12.0,5.0,2.0,14.0,10.0,193,5.921238590578082
1.0,1.0,1.0,1.0,0.0,0.0,0.0,0.0,0.0,0.0,0.0,2.0,0.0,0.0,0.0,0.0,0.0,0.0,0.0,1.0,0.0,0.0,0.0,0.0,194,0.5314496788649168
1.0,2.0,0.0,2.0,1.0,0.0,3.0,1.0,3.0,0.0,0.0,0.0,0.0,0.0,0.0,0.0,2.0,1.0,1.0,4.0,2.0,1.0,0.0,1.0,195,0.7741883338409551
2.0,3.0,2.0,2.0,0.0,1.0,0.0,2.0,2.0,1.0,4.0,1.0,1.0,0.0,0.0,1.0,1.0,0.0,3.0,4.0,5.0,3.0,0.0,1.0,196,1.0495169546024123
4.0,5.0,9.0,2.0,5.0,5.0,2.0,3.0,7.0,5.0,3.0,10.0,0.0,2.0,3.0,0.0,2.0,1.0,4.0,10.0,6.0,4.0,7.0,4.0,197,3.2867348058883517
0.0,3.0,3.0,1.0,3.0,2.0,4.0,3.0,1.0,6.0,1.0,0.0,1.0,0.0,0.0,0.0,0.0,0.0,2.0,5.0,2.0,0.0,0.0,3.0,198,1.8387244400598237
0.0,0.0,0.0,0.0,0.0,0.0,0.0,0.0,0.0,0.0,0.0,0.0,0.0,0.0,0.0,0.0,0.0,0.0,0.0,0.0,0.0,0.0,0.0,0.0,199,0.34474786540973645
2.0,0.0,1.0,1.0,2.0,1.0,0.0,0.0,0.0,1.0,0.0,0.0,0.0,0.0,0.0,0.0,0.0,0.0,1.0,2.0,0.0,0.0,0.0,0.0,200,0.5737032441427624
0.0,0.0,0.0,0.0,0.0,0.0,1.0,1.0,0.0,0.0,0.0,0.0,0.0,0.0,0.0,0.0,1.0,0.0,0.0,0.0,0.0,1.0,1.0,0.0,201,0.41779396674526237
3.0,0.0,0.0,0.0,1.0,0.0,1.0,0.0,0.0,1.0,0.0,0.0,0.0,0.0,0.0,0.0,0.0,0.0,2.0,1.0,2.0,0.0,0.0,1.0,202,0.6378671220568075
0.0,1.0,0.0,0.0,0.0,0.0,3.0,1.0,0.0,1.0,2.0,1.0,1.0,1.0,0.0,0.0,1.0,1.0,0.0,1.0,2.0,0.0,0.0,0.0,203,0.40636138589124565
0.0,0.0,0.0,0.0,0.0,0.0,0.0,0.0,0.0,0.0,0.0,0.0,0.0,0.0,0.0,0.0,0.0,0.0,0.0,0.0,0.0,0.0,0.0,0.0,204,0.34474786540973645
0.0,2.0,3.0,2.0,2.0,3.0,0.0,2.0,0.0,0.0,2.0,1.0,1.0,1.0,0.0,1.0,0.0,2.0,7.0,4.0,4.0,1.0,0.0,0.0,205,0.9403095845435843
0.0,0.0,0.0,0.0,0.0,0.0,0.0,0.0,0.0,0.0,0.0,0.0,0.0,0.0,0.0,0.0,0.0,0.0,0.0,0.0,0.0,0.0,0.0,0.0,206,0.34474786540973645
0.0,0.0,0.0,0.0,0.0,0.0,0.0,0.0,0.0,0.0,0.0,0.0,0.0,0.0,0.0,0.0,0.0,0.0,0.0,0.0,1.0,0.0,1.0,1.0,207,0.5469491915838507
0.0,0.0,0.0,0.0,0.0,3.0,0.0,0.0,1.0,1.0,1.0,2.0,0.0,0.0,0.0,0.0,0.0,1.0,1.0,2.0,2.0,0.0,2.0,0.0,208,0.5437256503244247
9.0,14.0,12.0,11.0,10.0,11.0,11.0,9.0,9.0,10.0,3.0,2.0,0.0,0.0,1.0,0.0,0.0,0.0,1.0,3.0,5.0,7.0,4.0,9.0,209,7.235063309725329
1.0,1.0,0.0,1.0,2.0,0.0,0.0,2.0,1.0,0.0,1.0,1.0,0.0,2.0,0.0,0.0,0.0,0.0,1.0,5.0,1.0,0.0,1.0,0.0,210,0.5395044332758996
38.0,56.0,72.0,84.0,92.0,89.0,73.0,58.0,26.0,38.0,18.0,12.0,2.0,6.0,1.0,0.0,0.0,1.0,0.0,11.0,20.0,10.0,20.0,24.0,211,35.20409304068139
0.0,2.0,2.0,1.0,0.0,0.0,0.0,1.0,1.0,1.0,2.0,3.0,0.0,0.0,0.0,0.0,0.0,0.0,1.0,2.0,6.0,1.0,3.0,0.0,212,0.9553754828700288
3.0,0.0,0.0,2.0,1.0,3.0,2.0,3.0,3.0,0.0,0.0,1.0,1.0,1.0,0.0,0.0,0.0,2.0,7.0,4.0,2.0,1.0,1.0,2.0,213,0.9640732363403554
0.0,0.0,1.0,1.0,0.0,0.0,0.0,1.0,0.0,0.0,0.0,0.0,0.0,0.0,0.0,0.0,0.0,0.0,0.0,0.0,0.0,0.0,0.0,0.0,214,0.4097392123342796
0.0,3.0,5.0,4.0,1.0,1.0,3.0,2.0,2.0,3.0,3.0,4.0,2.0,0.0,0.0,0.0,0.0,2.0,6.0,10.0,5.0,2.0,3.0,2.0,215,1.5670479376983728
6.0,10.0,10.0,11.0,5.0,6.0,3.0,8.0,4.0,4.0,2.0,7.0,3.0,3.0,1.0,2.0,5.0,3.0,5.0,15.0,8.0,15.0,2.0,1.0,216,3.0344080472468486
0.0,0.0,0.0,1.0,3.0,0.0,0.0,0.0,1.0,0.0,3.0,0.0,0.0,1.0,0.0,0.0,0.0,0.0,0.0,1.0,2.0,5.0,2.0,0.0,217,0.5437256503244247
1.0,1.0,1.0,0.0,0.0,4.0,0.0,0.0,0.0,0.0,1.0,1.0,0.0,0.0,1.0,1.0,0.0,2.0,3.0,3.0,4.0,1.0,3.0,1.0,218,0.8128567524254079
1.0,0.0,0.0,1.0,1.0,1.0,0.0,0.0,2.0,1.0,1.0,0.0,2.0,1.0,1.0,1.0,0.0,2.0,0.0,3.0,0.0,0.0,1.0,0.0,219,0.4778909127943904
1.0,0.0,0.0,1.0,2.0,0.0,2.0,0.0,0.0,0.0,2.0,0.0,0.0,0.0,0.0,0.0,0.0,1.0,0.0,1.0,2.0,0.0,2.0,1.0,220,0.6862518850193557
0.0,0.0,0.0,0.0,0.0,0.0,0.0,0.0,0.0,0.0,0.0,1.0,0.0,0.0,0.0,0.0,0.0,0.0,0.0,0.0,0.0,0.0,0.0,0.0,221,0.34474786540973645
9.0,0.0,1.0,0.0,0.0,1.0,2.0,0.0,0.0,0.0,0.0,1.0,0.0,0.0,0.0,0.0,1.0,0.0,0.0,4.0,3.0,3.0,0.0,1.0,222,1.2225471368054592
2.0,3.0,2.0,0.0,1.0,4.0,1.0,4.0,2.0,5.0,5.0,1.0,7.0,0.0,0.0,1.0,0.0,1.0,1.0,6.0,1.0,4.0,2.0,1.0,223,1.2017688033243148
16.0,15.0,18.0,14.0,9.0,9.0,7.0,13.0,3.0,3.0,2.0,0.0,1.0,0.0,0.0,2.0,3.0,3.0,10.0,21.0,11.0,12.0,7.0,7.0,224,10.794170504904178
4.0,8.0,6.0,6.0,2.0,6.0,6.0,4.0,3.0,1.0,3.0,3.0,2.0,1.0,2.0,0.0,1.0,1.0,6.0,5.0,10.0,7.0,4.0,3.0,225,2.949079141484801
9.0,5.0,12.0,13.0,6.0,4.0,12.0,10.0,6.0,8.0,1.0,5.0,6.0,3.0,2.0,0.0,3.0,3.0,6.0,18.0,11.0,9.0,9.0,12.0,226,8.858259001088896
1.0,0.0,1.0,1.0,1.0,0.0,1.0,0.0,0.0,0.0,0.0,1.0,0.0,0.0,0.0,0.0,1.0,1.0,0.0,1.0,2.0,0.0,1.0,2.0,227,0.9251974975055437
1.0,1.0,2.0,1.0,1.0,1.0,6.0,2.0,2.0,1.0,1.0,2.0,0.0,0.0,0.0,0.0,0.0,4.0,0.0,4.0,2.0,3.0,0.0,0.0,228,0.6379198669424756
119.0,117.0,119.0,96.0,83.0,80.0,84.0,62.0,55.0,39.0,32.0,14.0,3.0,2.0,5.0,3.0,5.0,11.0,36.0,84.0,117.0,82.0,103.0,96.0,229,101.15777257534276
152.0,139.0,132.0,170.0,215.0,275.0,185.0,158.0,121.0,163.0,91.0,50.0,22.0,23.0,5.0,6.0,13.0,14.0,34.0,53.0,70.0,98.0,108.0,125.0,230,138.59503592536856
67.0,71.0,71.0,83.0,69.0,55.0,69.0,53.0,38.0,35.0,21.0,18.0,11.0,1.0,1.0,0.0,3.0,2.0,14.0,52.0,52.0,49.0,66.0,67.0,231,71.66181342859015
15.0,8.0,3.0,20.0,10.0,12.0,15.0,9.0,4.0,7.0,3.0,4.0,0.0,0.0,0.0,0.0,2.0,2.0,6.0,13.0,12.0,6.0,9.0,5.0,232,7.922807939727322
83.0,67.0,58.0,42.0,51.0,53.0,61.0,28.0,26.0,21.0,17.0,7.0,5.0,2.0,0.0,1.0,6.0,3.0,28.0,46.0,66.0,60.0,87.0,61.0,233,61.63961254741361
126.0,156.0,177.0,183.0,151.0,150.0,155.0,129.0,110.0,89.0,50.0,34.0,18.0,4.0,3.0,0.0,0.0,6.0,28.0,58.0,85.0,88.0,102.0,96.0,234,109.62534822925574
0.0,2.0,1.0,1.0,2.0,2.0,2.0,1.0,1.0,1.0,2.0,2.0,1.0,0.0,0.0,0.0,2.0,0.0,1.0,3.0,3.0,4.0,1.0,0.0,235,0.7229736112133079
317.0,277.0,297.0,251.0,236.0,240.0,186.0,124.0,115.0,57.0,31.0,13.0,9.0,1.0,0.0,1.0,6.0,10.0,85.0,321.0,389.0,351.0,293.0,303.0,236,305.21400549613634
301.0,307.0,284.0,286.0,248.0,228.0,235.0,173.0,146.0,123.0,57.0,34.0,12.0,3.0,1.0,0.0,3.0,9.0,51.0,181.0,252.0,292.0,267.0,304.0,237,313.39355281316455
167.0,141.0,148.0,114.0,126.0,119.0,128.0,81.0,56.0,37.0,44.0,19.0,8.0,3.0,1.0,3.0,5.0,21.0,43.0,119.0,203.0,158.0,140.0,111.0,238,130.93040854114133
230.0,214.0,240.0,214.0,241.0,224.0,183.0,133.0,129.0,84.0,135.0,32.0,15.0,3.0,0.0,0.0,4.0,16.0,56.0,165.0,221.0,186.0,153.0,171.0,239,191.08311527212157
0.0,0.0,1.0,0.0,0.0,0.0,1.0,0.0,0.0,0.0,0.0,0.0,0.0,0.0,0.0,0.0,0.0,0.0,0.0,2.0,0.0,0.0,0.0,0.0,240,0.4097392123342796
1.0,2.0,1.0,2.0,2.0,0.0,1.0,1.0,1.0,0.0,1.0,0.0,1.0,0.0,0.0,0.0,0.0,0.0,2.0,2.0,4.0,1.0,1.0,1.0,241,0.912225782101024
0.0,0.0,1.0,0.0,1.0,0.0,2.0,1.0,2.0,1.0,1.0,2.0,0.0,1.0,0.0,0.0,1.0,0.0,0.0,2.0,1.0,0.0,0.0,0.0,242,0.4097392123342796
4.0,5.0,4.0,3.0,6.0,1.0,3.0,6.0,3.0,2.0,2.0,3.0,1.0,1.0,0.0,0.0,0.0,0.0,1.0,4.0,9.0,3.0,1.0,2.0,243,1.916568742728686
8.0,9.0,9.0,11.0,6.0,6.0,13.0,10.0,7.0,3.0,3.0,2.0,6.0,0.0,0.0,1.0,0.0,1.0,3.0,16.0,16.0,7.0,7.0,6.0,244,4.886534690846284
0.0,0.0,0.0,0.0,0.0,0.0,0.0,0.0,0.0,0.0,0.0,0.0,0.0,0.0,0.0,0.0,0.0,0.0,0.0,0.0,0.0,0.0,0.0,0.0,245,0.34474786540973645
89.0,87.0,91.0,126.0,96.0,95.0,114.0,52.0,69.0,62.0,44.0,28.0,25.0,14.0,11.0,16.0,5.0,0.0,9.0,26.0,39.0,50.0,47.0,45.0,246,64.40519088263228
5.0,5.0,0.0,5.0,5.0,2.0,2.0,3.0,5.0,5.0,2.0,1.0,1.0,0.0,0.0,2.0,1.0,1.0,3.0,13.0,6.0,2.0,1.0,3.0,247,2.5048123400458016
1.0,1.0,3.0,1.0,0.0,1.0,1.0,0.0,0.0,0.0,0.0,0.0,2.0,0.0,0.0,0.0,0.0,1.0,1.0,2.0,3.0,3.0,0.0,0.0,248,0.821831753530719
92.0,90.0,101.0,127.0,135.0,135.0,111.0,114.0,105.0,119.0,94.0,62.0,42.0,19.0,14.0,14.0,10.0,5.0,31.0,57.0,85.0,53.0,46.0,45.0,249,62.985768290856875
2.0,0.0,1.0,3.0,0.0,2.0,0.0,1.0,2.0,0.0,1.0,0.0,0.0,1.0,0.0,0.0,0.0,1.0,0.0,1.0,2.0,3.0,3.0,1.0,250,0.8551103177032535
0.0,0.0,0.0,0.0,0.0,0.0,0.0,0.0,0.0,0.0,0.0,0.0,0.0,0.0,0.0,0.0,0.0,0.0,0.0,0.0,0.0,0.0,0.0,0.0,251,0.34474786540973645
0.0,0.0,1.0,0.0,1.0,0.0,1.0,0.0,1.0,0.0,2.0,0.0,0.0,0.0,0.0,0.0,0.0,0.0,1.0,2.0,3.0,0.0,0.0,0.0,252,0.4097392123342796
0.0,0.0,0.0,0.0,0.0,0.0,1.0,0.0,0.0,0.0,0.0,0.0,0.0,0.0,0.0,0.0,0.0,0.0,0.0,0.0,0.0,0.0,0.0,0.0,253,0.34474786540973645
0.0,1.0,3.0,3.0,0.0,1.0,0.0,0.0,0.0,0.0,2.0,3.0,1.0,1.0,0.0,1.0,0.0,1.0,4.0,1.0,1.0,1.0,1.0,1.0,254,0.9639361336557051
3.0,1.0,2.0,9.0,6.0,2.0,14.0,6.0,4.0,14.0,23.0,9.0,3.0,1.0,0.0,0.0,1.0,0.0,1.0,2.0,1.0,0.0,0.0,1.0,255,0.8709421775404185
1.0,7.0,4.0,6.0,6.0,7.0,15.0,8.0,6.0,7.0,15.0,7.0,3.0,3.0,0.0,1.0,3.0,1.0,1.0,0.0,9.0,6.0,4.0,4.0,256,3.2851728851535174
1.0,1.0,0.0,0.0,1.0,0.0,0.0,0.0,1.0,0.0,0.0,0.0,0.0,0.0,0.0,0.0,0.0,0.0,1.0,2.0,2.0,1.0,0.0,0.0,257,0.46645833194037367
3.0,5.0,1.0,2.0,0.0,0.0,0.0,2.0,4.0,1.0,3.0,2.0,1.0,2.0,0.0,0.0,0.0,1.0,5.0,5.0,1.0,2.0,2.0,2.0,258,1.6132211488029853
0.0,1.0,0.0,1.0,1.0,0.0,0.0,1.0,0.0,1.0,0.0,0.0,0.0,1.0,0.0,1.0,2.0,0.0,1.0,3.0,2.0,1.0,1.0,2.0,259,0.8617227250133819
3.0,0.0,2.0,3.0,3.0,7.0,4.0,3.0,3.0,10.0,3.0,4.0,3.0,1.0,0.0,0.0,1.0,0.0,6.0,5.0,3.0,5.0,0.0,3.0,260,1.5785882877365607
37.0,51.0,46.0,33.0,33.0,42.0,27.0,15.0,19.0,6.0,6.0,3.0,1.0,1.0,0.0,1.0,0.0,0.0,2.0,8.0,9.0,11.0,13.0,23.0,261,31.884672353722316
130.0,114.0,105.0,80.0,79.0,73.0,63.0,38.0,40.0,16.0,14.0,5.0,0.0,1.0,2.0,1.0,6.0,20.0,85.0,177.0,154.0,156.0,122.0,92.0,262,108.22390302682949
160.0,168.0,124.0,114.0,108.0,120.0,130.0,106.0,104.0,58.0,39.0,31.0,12.0,5.0,5.0,3.0,6.0,24.0,59.0,127.0,165.0,134.0,89.0,107.0,263,126.30482654295623
7.0,8.0,8.0,12.0,15.0,15.0,10.0,8.0,5.0,7.0,2.0,3.0,0.0,1.0,2.0,0.0,0.0,2.0,4.0,12.0,6.0,6.0,14.0,6.0,264,4.886534690846284
3.0,3.0,4.0,2.0,3.0,4.0,4.0,1.0,1.0,0.0,0.0,0.0,0.0,3.0,0.0,2.0,0.0,2.0,1.0,1.0,1.0,3.0,0.0,0.0,265,1.1964448829983423
